Callsign,Profile Views
KB1YXN,81880
K1VUT,40017
WA1RIW,22420
N1FDX,19919
K1TWH,19246
KB1TEE,17663
N1DH,15232
NE1PL,14750
KC1VIO,14640
W1AKN,12992
N1RTS,8666
N1WVQ,8283
N1XTB,8045
N1UZI,6971
KC1G,5644
W1BRI,5508
W1MV,5255
KC1OQX,5215
KA1OZ,4407
N1ATM,4360
W1AP,4184
N1EME,3754
WA1ZKK,3529
W1SF,3370
WA1SCI,2974
W1HM,2227
N1EH,2208
K1SOB,1885
NR1FD,1570
N1GK,1551
KB1BDQ,797
KC1EFF,701
N1JZJ,575
AA1VZ,566
KZ1D,552
KA1WBD,534
W1DLS,534
KC1CFO,517
KC1ATK,500
KB1KNI,495
N1VQZ,491
N1VFN,480
WA1YKE,448
N1YAM,445
KB1OZO,436
K1KJL,435
KB1TDZ,373
N1IPO,372
WA1DDN,363
N1VEG,362
KC1BSD,342
N1BCA,338
N1REO,331
N1YOY,319
N1CQO,315
KB1JNJ,284
N1ECR,273
K1RFB,272
KA1LRB,269
KC1TNI,262
W1QPS,253
KB1JMI,239
KC1JDN,236
KC1PXN,235
KB1JMJ,233
KA1AVA,212
N1TWM,211
KB1KYW,196
KB1SFT,193
KB1TDW,192
KB1TED,185
KB1TDX,169
KB1RTI,165
N1QXY,154
KC1GYC,146
WA1UEC,141
KB1TEI,140
KB1TEA,138
N7KFN,123
KB1ZZR,120
KC1WQS,120
WS1LWS,119
KC1PXJ,113
KB1YOA,106
KC1SMU,95
KC1COY,85
KC1UFG,72
KC1YGK,62
KC1DDB,61
KC1JDK,57
KC1IWQ,56
KC1JDF,56
KC1CQL,55
KC1JDC,54
KC1ISU,40
KC1JDH,38
KC1JDJ,38
KC1JDE,37
KC1JDG,36
KC1JDL,35
KC1UQX,35
KC1UKJ,33
KC1FUW,30
