Callsign,Profile Views
N1SEP,23425
N1GJ,15311
W1HFG,12624
K1WYF,7768
K1KVV,4234
K1UVH,4193
K1BA,3627
KB1ISG,3625
WX1BHO,3095
K1JV,3031
W1TPB,2850
N1RO,2821
W1SXN,2599
KF2HO,2456
N1VI,2144
K1VDQ,1956
W2MP,1751
AA1NE,1497
W1CRC,1404
W1PVC,1375
KV1T,1180
K1GAS,1055
N1RJ,1015
K1NDS,994
W1LPH,877
W1OSO,863
K1HDH,798
W1LOU,789
KC1FZ,725
KB1EKN,688
N1LJU,667
W1AUZ/SK2023,631
KD7RAP,629
K0OSZ,617
N1HMF,605
W1GAS,516
W1BIY,505
WA1KSF,461
K7DYB,452
KB1PUN,406
KG2CO,396
WY1S,376
K1LC,372
WA1OOM,369
N9DKC,363
WA1NXY,355
W1NWI,346
N1FMY,338
WB1AIR,330
N1ECQ,303
N1JLR,300
KB1RUS,283
N3NBP,272
KB1VGN,264
KD7RAQ,261
KB1IOT,261
W1VPR,245
K1SQL,202
KA1TBQ,202
N1VDZ,199
KB1KDH,192
W1DDH,172
KA3ZUZ,152
KC1NVH,132
KC1OFN,112
K1BBM,108
KC1JPA,90
AB1XR,86
KC1BQG,77
KC1QZJ,68
KC1UDD,65
KC1HKD,62
KC1SVN,58
KC1SHO,56
KC1SNS,47
KC1WWL,23
KC1TPR,20
