Callsign,Profile Views
KB1CHU,20142
N1CFB,15213
WW1US,11378
KC1VOD,6537
WB1FLA,3251
WB1EVP,2111
N1EKT,1891
K1CUH,1866
K1WPC,1038
N1TFB,1008
N1NVL,940
KC1UTV,915
N1SJA,850
KC1RXO,579
N3YIP,497
KW1H,486
K1AAR,480
N1SUY,469
KB1WVL,465
KC1DDO,431
KE1KQ,422
K1QKE,404
KB1JSD,403
KD1UN,379
KB1HKD,368
KB1JSE,343
N1KFD,323
N1NXA,259
N1DCP,249
N1OEC,196
KB1IKG,193
KC1VYL,188
KD1PS,182
KB1UKR,176
KN1IRP,174
KC1YLY,156
KB1WNY,117
KC1YXL,117
W1LJH,85
KC1AJM,68
KC1BSK,66
KC1RAA,64
KC1NJW,52
KB1YEC,51
KC4MDM,50
KC1SQD,44
