Callsign,Profile Views
KM1CC,102441
WZ1U,92912
NN1D,46669
KB1WCK,22154
KC1TLT,19322
WW2MAN,16059
W1DW,6396
W1DL,3138
KD1IN,2937
W1JPK,1255
K1DUT,1172
AF1H,984
N1FLT,659
K1FSK,602
W1PGS,555
W1IFX,472
KC1CUG,455
N1BK,454
K1BI,415
WB1ANX,407
KA1WVJ,395
KC1BYI,367
W1SXU,357
KB1WKQ,350
N1KKL,339
KE5AYZ,325
KA1WVK,295
KB1GKH,282
KB1NPQ,259
KC1UJN,251
N1KUM,246
KG7SBY,234
K1MCY,229
KB1DKP,203
KC1MEX,196
WA1BNF,177
KB1PTI,171
N1GYA,168
KB1EAH,161
KB1OET,151
KC1DQS,136
KB1SRZ,135
KC1EUX,129
N1PPY,91
N1NVO,82
KB1WXA,80
KB1WHG,59
KB1ZHK,57
KC1TND,57
KC1TWL,43
KC1FJN,42
KC1FVJ,34
K9FIG,25
