Callsign,Profile Views
K1NMF,44666
N1EA,39387
AA1A,24577
WQ1L,13337
WA4PSC,7767
WB1HAI,7380
W1DT,4352
KB0RQN,4102
KC1NZU,3494
K1JRO,3377
K1FW,2585
KV1O,2301
KC1EUJ,2246
N1PXX,2052
W2EMT,1990
K1TJS,1771
KC1OXZ,1390
K1VS,1351
K1CLA,1223
W1FRV,1159
KC1PCD,1133
WA1ZLQ,764
KB1NAX,737
KA1PS/SK2026,697
WA1QCZ,682
KA1AQU,553
W1NMF,527
N1NO,525
N3LYF/SK2025,483
KB1AKZ,479
KB1CHW,472
KB1TXD,468
WB1BQN,459
KA1DH,415
W1EDP,402
N1YWW,365
KB1TUB,346
N1JKK,342
KD1IQ,315
KB1DNA,295
KC1NBN,271
WA1LJH,258
K1PEI,241
N6LXD,212
KB1KSG,212
KB1DDP,194
KB1GRD,193
W1DCF,186
W1AAI,170
WA1NZA,166
KB1UCC,158
K1JEP,151
KE1HN,146
K1KEM,130
KC1JKW,99
KC1NVF,79
KB1WWG,74
KB1WSX,70
KC1EAW,61
KB1ZWX,43
KC1QLB,39
KB1ZRY,30
KC1EVM,29
KC1VQJ,25
KC1HVU,22
KC1VGL,9
