Callsign,Profile Views
W1EKG,10396
WA1NPO,9330
NI1X,8502
NN1MF,7124
KC1RAD,5429
K1UFO,5245
N1EY,4004
W1GTX,3845
K1RB,2867
KB1MTW,2405
KM1TWL,1789
N1FRE,1260
N1PBC,1189
KC1EFG,980
KB1SVY,904
N1OGP,880
W1MBH,770
KB1OEP,744
W1UM,740
N1HEU,709
KB1RNN,702
N1LBV,654
N1BPG,605
KD1X,605
KB1UTA,604
W1JDG,556
K1SZG,555
KB1UBY,546
K1FAB,509
KB1YFQ,491
N1MAG,485
KB1IIU,463
KB1OEQ/SK2022,412
KJ1X,355
KB1CYX,348
W1AZU,348
WA1IMD,316
WC1WH,313
KB1MTV,280
KB1JYQ,275
KB1OEU,275
KB1SGC,273
N1NJC,263
KB1ODT,258
KB1MTY,217
KB1MTX,212
KA1ALE,197
KB1MTZ,197
KC1RUN,196
KB1OEK,195
KB1OAV,171
KB1SGD,147
KC1MAA,100
KC1BHK,94
KB1VPU,78
KC1TNP,67
KC1KIU,66
KC1LNA,62
KC1RSA,58
KC1OSO,47
KC1IXS,44
KC1EGM,43
KC1AZX,41
KC1GUS,40
KC1YJU,38
KC1KMY,33
KC1URZ,31
KC1EFH,25
KC1YLH,19
