Callsign,Profile Views
N1IQI,29179
K1CG,23992
W1JGR,8827
KB1PFL,5407
KZ1J,4835
N1ENG,4464
N1BSO,3539
W1KOI,2620
W1ACO,1927
W1BBJ,1657
KC1PIF,1485
W1EHT,1441
N1GXV,1407
N1LUM,1109
N1ZZL,904
AB1NA,895
N1ISR,671
KB1VXL,564
N1JBZ,524
KB1KSE,478
N1OYH,389
KC8CEV,388
K4BFB,363
KA1ILQ,348
KB1ODS,344
N1NLW,340
WA1KPF,299
N1MJK,290
K1JMH,261
KA1PUT,233
WA2RWZ,227
W1MAL,226
KB1OTS,222
N1TXJ,216
KB1SPB,212
KB1KRO,205
N1JOR,202
N1IHN,201
K1MRG,196
KB1PUD,190
KC1NZV,153
WZ1KD,135
KC1BEA,132
KI6EHE,122
KI6EHF,121
K1TAE,101
KC1RXD,85
KC1ORC,77
KC1BKS,60
KC1HQD,51
KC1LUJ,46
KC1IXP,27
KC1SAG,20
