Callsign,Profile Views
AA1V,47912
W1AAX,29513
K1NOK,19300
WA1MAD,18803
W1XD,14374
W1OX,11714
W1QWT,9490
K1SU,6899
KE1U,5419
KO4W,4208
AA1BB,3219
W1BT,2489
KB1FBA,1935
K1CWS,1743
KA1AMR,1344
N1ZZO,1204
KA1RDT,1011
NS1N,805
WB1ANL,709
W1UKZ,672
W9RO,660
KA1IBM,502
W1TJM,468
N1XJE,463
W1RQS,432
KA1RTC,420
N1GNE,411
W1FBT,379
W1DKD,338
N1KZB,288
WA1YKT,250
N1SOJ,242
WA1JAD,228
KB1MYP,222
N1OOF,208
KB1KPR,189
KB1JJQ,188
N1QZR,180
W1TMC,166
KB1JUK,157
KB1REP,157
K1RTX,157
KB1QPP,150
KC1PXK,87
KD2HKG,67
KC1ERA,67
KC1AIN,64
KC1RAC,49
KC1ORF,46
KC1DHG,43
KC1LNB,38
KC1YSK,35
W1HIL,17
