Callsign,Profile Views
N1DG,133617
KH7Z,52652
N1YC,46988
W1CC,12451
K1KOD,7231
WU1B,5195
W1AZ,4489
KB1NA,3493
N1PN,3346
KC1UAX,3276
KH2Y,3193
NT1H,1891
K1TJS,1771
K1TQ,1642
K1PRO,1578
KB1UFC,1205
AB1GJ,1094
KJ1KJ,1071
W1RKS,961
K1JKA,779
K1HIR,733
K1HZL,589
N1QMM,585
KB1IKY,508
W1DUX,484
KB1USN,472
WT1Z,457
W1BWP,328
K1PJT,327
W1EQK,327
N1ILJ,301
WA1CRT,282
N1IRU,271
N1NJE,270
WK1I,250
WA1IAE,244
N1IRT,204
KB1IKV,203
W1EEJ,200
WB1GEM,175
KB1ILB,143
KB1IKW,132
KB1WEC,107
KC1QQX,77
KC1MMB,51
KC1LBK,42
KC1PPO,40
KC1JDI,24
KC1OXW,18
KC1PZL,18
KC1VWT,15
