Callsign,Profile Views
AJ1L,38844
W1KP,23840
W1ATD,2273
KA1FSN,1999
WA1SCH,1676
W1CBR,1578
W1BTS,1435
AA1DC,1328
KB1KFF,919
K1DKT,883
W1LJM,847
KB1GVC,477
KC1ZX,462
KB1KVK,448
WF1Y,389
KB1IGY,373
N1FAA,350
KB1UQM,312
KC1NJO,310
KB1NMJ,307
KD4ZIO,298
KB1FRT,294
N1PDO,290
KC1LKB,250
KB1PBT,247
KB1FUI,230
KB1JWH,224
KC1LLY,216
KB1SGG,167
K1LMO,161
KB1VOX,126
KC1OHB,123
KC1OZE,113
KC1JOW,112
N1PXW,111
WF3RRY,108
KC1FMT,75
KC1BEB,64
KC1GGM,50
KC1ISW,44
KC1JZL,42
KC1IYN,38
KC1UMO,26
