Callsign,Profile Views
KA1JBE,79112
K1TH,54418
K1YAN,35515
WS1K,17687
KC1HO,15583
N1MJS,13789
N1ZIZ,13676
WX1MAN,13268
W1KB,12363
K1THS,11570
N1GAS,9147
W1JC,8162
N1IR,7542
KE1U,5419
W1BIH,5271
K1JMA,4260
KC1SUI,4151
KD9D,3800
N1WH,3173
WS1M,2925
K1FVK,2793
N1HMJ,2750
N1KF,2716
WB1SKY,2589
WB1DQS,2454
K1MFJ,2383
W1COD,2322
KD1SK,2311
WA1WQC,2289
K1ESH,2283
WZ1E,2232
W1AG,2206
N1SYC,2072
K1MWT,1931
NM1F,1802
WX1DOG,1799
W1LM,1684
KB1SRO,1556
N1TT,1556
WW1U,1554
W1ZZR,1480
N1MJM,1468
KB3CVC,1329
KA1YUB,1261
K1WTT,1235
K1NXH,1199
KB1CGP,1156
WB1AAJ,1126
W1III,1044
AA1DD,938
KC1QBT,920
N1JCT,900
AB1NA,895
W1QKR,878
K1OTM,875
N1NDO,839
WA1DEE,793
KB1RVV,782
KD1LI,765
KC1MRD,754
KA1UJP,734
KA1VAX,722
KD1BJ,679
KB1UHV,679
KC1MXS,637
KC1WOT,618
KB1UBW/SK2022,585
KB1VKC,551
N1JKI,538
KB1ERV,537
KB1ZJO,535
KB1RXQ,530
KA1KYT,527
N1JAM,513
KA1WRF,502
KA1VBN,496
KC1WBU,484
W1IFX,472
KB1SVA,457
KC1OLC,454
N1NVV,451
N1BLK,432
KB1KVF,431
WA1KFQ,430
KE1ER,427
N1KXB,422
KB1OVF,417
K1BFJ,413
KC1CFQ,412
KC1TCX,409
KB1MRI,406
N1AMT,403
KA1ZZ,389
N1YCE,380
WB2BYO,373
KB1KMA,372
KB1CYW,369
N1LXQ,367
KB1UYW,360
KA2EPV,358
KC1BY,356
KB1PND,349
N1WNR,347
WB2DSO,341
KA1RTG,334
WA1VIM,330
KB1MHW,322
KM1USR,319
W1SUR,314
N1DTL,304
N1SYB,299
KD6EYE,293
KA1WQQ,291
NF1F,277
N1WNS,273
KB2AQH,272
N1VIW,271
N1XJK,264
N1RGM,255
KB1JGA,255
N1UHS,254
NJ0K,245
N1AMP,239
N2QZB,237
KC1NPZ,230
NC1K,229
KA2SJF,223
N3QGF,218
W1SHR,217
N1ORA,210
N1RNP,204
KB1MDL,204
W1CVB,203
N1MSG,200
W1HHZ,198
WB1GZB,198
KB1QVA,198
KB1TXG,191
W1FSZ,184
KC1ECK,175
KB1GLC,174
N1OYJ,171
W1CFH,171
K1AVS,171
N0LAG,168
N1LRD,161
WA1GDN,160
KA1OYZ,151
KA1ECD,141
N1SZU,140
W1SJM,131
KB1UAZ,128
KB1UML,127
KB1TAR,124
KB1JGN,112
N5OAI,107
KE0YSX,101
KB1TXH,100
KB1WSV,100
KB1ZSY,99
KC1BYJ,94
KC1MKB,93
KB1WGW,88
KB1YTK,87
KC1CCP,86
KB1ACE,85
KC1FVL,85
K1EAG,78
KB1ZTA,77
KB1WWZ,75
KC1SQM,75
KB1HKH,69
KC1DLH,69
KC1BQL,68
W1SCA,66
KC1ADX,66
KC1LSF,57
KC1VXZ,56
KC1KZH,55
KC1AUC,49
N1HMH,46
KB1VLJ,45
KC1RHQ,44
KB1ZCI,42
KC1BAP,42
KC1BYG,42
KC1LIM,42
KC1BYL,36
KC1TQS,36
KC1FNJ,33
KC1WEE,32
KC1VPN,29
KM1EOC,28
KC1QLV,28
KC1RSE,27
KC1RJU,25
KC1HBS,20
KC1GXD,18
KC1YPB,10
KC1YJG,7
