Callsign,Profile Views
NA1R,23279
WA1TOM,15417
AC1SO,14069
K1JJJ,9753
K1BAD,9485
KA1YL,8259
KB1YII,3676
N3WCC,3525
W1TB,2170
K1MRH,2118
N1FEC,1535
KD1HN,1426
KB1EMT,1189
AB1MQ,1185
WA1AKS,1085
KB1KVJ,895
KV1X,861
AA1TK,813
KB1SAM,709
KC1ZW,647
K1GRB,601
KB1RAA,545
N1ARL,532
N1POO,478
N1MRC,474
W1EID,447
NV1H,385
WB1FMA,380
KB1USG,372
K1AWP,360
W1RCA,354
K1SPP,352
KB1BTS,350
N1OIQ,321
KB1GOF,312
N1BRJ,308
N1OOE,300
N1ZS,283
N1DIL,268
W1ERT,262
KB1RXR,239
WA1CIM,234
KA1FHL,222
N1ZGU,212
KB1OAU,199
KB1CKH,188
KB1IUS,184
N2LAF,183
WA1JFB,118
KC1TWC,113
KC1UQE,111
KG5WIZ,103
KC1JFD,66
N1SGW,54
KC1CRZ,54
K1ZOK,52
KC1NXE,47
KC1LVF,45
KC1TPV,44
KC1LKE,41
KC1DTG,33
KC1TYA,31
