Callsign,Profile Views
W1EGJ,5609
W1YN,5165
W1EEB,4650
KB1EVY,4636
W1DR,3637
WA1SCI,2974
W1OZ,2411
W1PJM,2305
KA1EAZ,2046
W1BNS,922
K1DYO,904
WA1KUL/SK2025,831
N1LK,801
K1SWT,762
KO1S,742
N2FAC,681
W1HCN,673
KA1EAY,625
W1HYD,582
K1RRF,577
N1KBV,557
KB1RLI,546
KB1LQW,448
W1KIX,422
N1IPT,419
NI1Z,413
WB2TEV,376
N1BJC,326
KB1TBA,312
N1SGO,309
KB1CZB,307
K1UUQ,306
WA1CQC,270
KB1TRW,248
KC1IKY,173
N1SGQ,171
N1AVI,115
KC1ABA,109
N1CHT,84
KB1VKO,84
KB1ZEF,84
KC1TMQ,73
KC1JSK,54
KB1ZSZ,42
KC1FUO,37
KC1JAQ,36
KC1YJH,18
KC1WIX,16
KC1RQV,13
