Callsign,Profile Views
K1RV,210964
K1USN,119231
W1GMF,18633
AD7DH,10742
KC1SJS,9031
N1SOM,6262
W1BSA,4841
W1DWZ,3838
W1CO,1970
N1CHX,1711
W1HA,1554
W1CRC,1405
KC1UWU,1259
KE1ZX,1114
KB1UTL,963
KB1ODU,919
N1SON,869
WA1NYC,714
KB1HJN,639
KA1DZA,575
W1EML,548
KC1TNH,493
WA1YZH,451
W1EIK,450
WA1FVL,393
N1FZP,378
N1KXI,344
KB1HQG,268
N1CYZ,213
KB1LKO,199
KC1ALO,125
KB1WVK,119
KC1BBT,102
KC1BEN,102
KC1VJV,90
KB1ZBE,84
KC1CAA,74
W7BUK,74
KC1LUU,71
KM4NOO,59
KC1YKI,57
KC1QGW,55
KC1SDU,42
KC1FZI,36
KC1QBP,32
KC1JFF,31
KC1YIA,28
KC1KNF,20
