Callsign,Profile Views
N1PVP,12566
W1SIP,11088
W1TL,8401
KC1ML,4959
KA1UNP,3639
W1SM,2901
KA1PGS,1147
K1REL/SK2024,1134
KB1LQQ,903
N1BJP,680
KA1TXS,636
N1REV,551
W1IFX,472
KA1HIS,395
KB1SBC,382
KA1IML,373
K1IIL,359
KB1DAC,301
WA1JDE,286
KD4CQE,279
W1KXT,266
KB1TYH,241
WA1POQ,206
WA1HIH,200
N1CIE,199
W1GFB,197
KB1WWY,179
W1JOY,178
KB1TDY,168
KC1AIE,157
KB1SGF,133
W2ZAT,122
KC1IET,116
N1BIO,102
KC1QIG,94
KC1NPY,70
KB1ZTC,61
KB1ZTB,52
KC1TOK,51
KC1SMM,28
KC1UPK,27
KC1WIV,18
