Callsign,Profile Views
WB1ARU,16898
WW2MAN,16059
WA1ENO,12475
K1KJR,7047
NK1U,5478
W1RRR,5349
K1AWB,4907
N1ZMD/SK2025,2704
AC1N,2265
N1OHM,1989
KF1M,1774
WA1YDG,1155
W1ZEN,898
KA1GTS,839
NW1W,807
N1IAQ,780
NU1V,695
WA2MHY,674
N1QPT,587
N1KBQ,558
K1CJI,512
KA1FL,484
W1KXY,361
K1GRN,343
W1JXZ,322
K1AEN,285
KB1KVH,261
W1EQU,258
KB1QKW,226
KB1GYF,214
KB1GEY,210
N1OYL,189
AB1TK,187
N1TLI,182
KC1OZD,171
K1LMO,161
KB1SGE,141
KC1MOE,89
KC1NZT,83
KC1BXQ,65
W1HRL,56
KC1IXR,30
