Callsign,Profile Views
N1JCW/SK2023,48707
AJ1L,38845
WI1G,20352
KA1DON,9733
AC1KZ,7351
NN1MF,7124
KC1ACF,4579
KB1OOG,3561
N1MJT,2930
KB1ZSW,2416
W1ATD,2273
KB1QMX,2102
WA1DUZ,1728
K8BIT,1195
WB1CNM,1147
K1RAK,1139
K1JMR,841
KC1YDD,779
KB1CVN,593
KC4JVC,565
KC1II,464
K1ZKX,462
N1CWW,416
KB1GHA,370
K1JMH,261
KB1OEN,250
N1WAI,245
KB1SGH,234
N1PZA,228
KB1OEM,225
N1SWY,219
KB1SGB,212
KB1QPR,148
KC1UCT,118
W1CPN,90
KC1NNW,80
KB1WFQ,68
KC1BZZ,68
KC3AWK,60
KC1ERI,56
KC1JSL,52
N2DEC,49
KA1WRX,49
KC1NZW,40
N1KBD,37
KC1UAE,32
KC1ESO,30
KC1UEH,26
KC1NVL,21
KC1YZR,6
