Callsign,Profile Views
K1RV,210964
KA1R,148363
AE1P,143648
N1DG,133617
K1USN,119231
KM1CC,102441
WU1ITU,98171
WZ1U,92912
W1MKA,90961
WR1W,87936
KB1YXN,81880
KA1JBE,79112
WD1L,73838
W1UJ,70904
N1BMT,67556
K1TH,54418
W1CSQ,53934
KH7Z,52652
KC1BBU,50808
N1JCW/SK2023,48707
AA1V,47912
N1YC,46988
NN1D,46669
K1NMF,44666
K1VUT,40017
N1EA,39387
AJ1L,38845
K1YAN,35515
K1LWI/SK2025,31194
W1AAX,29513
N1IQI,29179
W1AST,28533
KQ1V,27523
AA1A,24577
K1CG,23992
W1KP,23840
N1SEP,23425
N1YW,23281
NA1R,23279
WA1RIW,22420
KB1WCK,22154
WI1G,20352
KB1CHU,20142
N1FDX,19919
KC1TLT,19322
K1NOK,19300
K1TWH,19246
WA1MAD,18803
W1GMF,18633
KC1NNR,17863
N1JFU,17848
W1MO,17818
KA1WJ,17764
WS1K,17687
KB1TEE,17663
WB1ARU,16898
KG1U,16721
WW2MAN,16059
KC1HO,15583
WA1TOM,15417
N1GJ,15311
N1DH,15232
N1CFB,15213
NE1PL,14750
KC1VIO,14640
N1KXJ,14632
W1XD,14374
AC1SO,14069
N1TF,14040
N1TI,13956
N1MJS,13789
N1ZIZ,13676
N1LYP,13622
WQ1L,13337
N2NDY,13322
WX1MAN,13268
W1AKN,12992
W1HFG,12624
AG1B,12610
N1PVP,12566
K1KLA,12562
WA1ENO,12475
W1CC,12451
W1KB,12363
W1OX,11714
K1THS,11570
WW1US,11378
W1SIP,11088
W1AI,10919
AD7DH,10742
W1EKG,10396
K1JJJ,9753
KA1DON,9733
N1MRG,9508
W1QWT,9490
K1BAD,9485
WA1NPO,9330
N1GAS,9147
KC1SJS,9031
W1JGR,8827
N1RTS,8666
NI1X,8502
W1TL,8401
N1WVQ,8283
KA1YL,8259
W1JC,8162
N1XTB,8045
K1WYF,7768
WA4PSC,7767
N1IR,7542
WB1HAI,7380
K1VU,7367
AC1KZ,7351
W1EAV,7329
K1KOD,7231
NN1MF,7124
K1KJR,7047
N1UZI,6971
K1SU,6899
W1AY,6716
KC1VOD,6537
W1DW,6396
N1SOM,6262
W1TAV,6248
AD1M,5725
KC1G,5644
W1EGJ,5609
W1BRI,5508
NK1U,5478
KC1RAD,5429
KE1U,5419
KB1PFL,5407
W1RRR,5349
N1KJS,5314
W1DWD,5271
W1BIH,5271
NB1B,5266
W1MV,5255
K1UFO,5245
WA1ONB,5218
KC1OQX,5215
WU1B,5195
W1YN,5165
KB1NCY,5136
K1NA,4982
KC1ML,4959
WA1TCC,4907
K1AWB,4907
W1BSA,4841
KZ1J,4835
N1PDG,4756
W2JH,4739
N1WCO,4659
W1EEB,4650
KB1EVY,4636
N1BBT,4622
KC1ACF,4579
W1AZ,4489
N1ENG,4464
KA1OZ,4407
N1ATM,4360
W1DT,4352
K1JMA,4260
K1KVV,4234
KO4W,4208
K1UVH,4193
W1AP,4184
KC1SUI,4151
KB0RQN,4102
N1EY,4004
KK3P,3952
W1ACB,3870
W1GTX,3845
W1DWZ,3838
KB1TRY,3833
K1NET,3811
KD9D,3800
N1EME,3754
KB1YII,3676
KA1UNP,3639
W1DR,3637
K1BA,3627
KB1ISG,3625
KB1OOG,3561
N1BSO,3539
WA1ZKK,3529
N3WCC,3525
KC1NZU,3494
KB1NA,3493
WA1BEE,3476
K1UV,3414
K1JRO,3377
W1SF,3370
N1PN,3346
W1IRK,3341
KC1UAX,3276
WB1FLA,3251
AA1BB,3219
KH2Y,3193
N1WH,3173
W1OLE,3147
W1DL,3138
WX1BHO,3095
KC1ALF,3040
K1JV,3031
WA1SCI,2974
WA1GXV,2967
KD1IN,2937
N1MJT,2930
WS1M,2925
W1SM,2901
K1RB,2867
N1COP,2864
W1TPB,2850
N1RO,2821
K1FVK,2793
N1HMJ,2750
N1EDM,2733
N1KF,2716
N1ZMD/SK2025,2704
W1CJF,2660
W1KOI,2620
W1SXN,2599
N1NVT,2592
WB1SKY,2589
K1FW,2585
KC1FWV,2583
KB1ODL,2565
W1BT,2489
KB1MLQ,2468
KC1NSI,2462
KF2HO,2456
WB1DQS,2454
KB1ZSW,2416
W1OZ,2411
KB1MTW,2405
K1MFJ,2383
W1COD,2322
KD1SK,2311
W1PJM,2305
KV1O,2301
WA1WQC,2289
K1ESH,2283
W1ATD,2273
AC1N,2265
KC1EUJ,2246
KE1CN,2233
WZ1E,2232
W1HM,2227
KC1CIC/SK2022,2218
N1EH,2208
W1AG,2206
K1ML,2181
W1TB,2170
N1VI,2144
K1MRH,2118
WB1EVP,2111
KB1QMX,2102
N1SYC,2072
N1PXX,2052
KA1EAZ,2046
N1LRC,2002
KA1FSN,1999
W2EMT,1990
N1OHM,1989
KB1FRK,1976
KC1HZX,1973
W1CO,1970
K1VDQ,1956
KB1FBA,1935
K1MWT,1931
W1ACO,1927
KY2A,1919
NT1H,1891
N1EKT,1891
K1SOB,1885
K1CUH,1866
K1EF,1856
K1BTH,1846
KA1E,1835
N1ZDQ,1807
NM1F,1802
WX1DOG,1799
KM1TWL,1789
KF1M,1774
K1TJS,1771
W2MP,1751
K1CWS,1743
WA1DUZ,1728
WA1GAN,1726
N1CHX,1711
W1LM,1684
WA1SCH,1676
W1HVD,1665
W1BBJ,1657
KA1HFY,1651
K1TQ,1642
K1GTO,1640
K1ABT,1579
K1PRO,1578
W1CBR,1578
W1MWC,1572
NR1FD,1570
KA1YZT,1568
KB1EPJ,1559
KB1SRO,1556
N1TT,1556
W1HA,1554
WW1U,1554
K1AI,1553
KC1VJH,1552
N1GK,1551
KA1WHQ,1544
K1XRN,1540
N1FEC,1535
KQ1G,1531
W1JOE,1530
AA1NE,1497
KC1PIF,1485
W1ZZR,1480
N1MJM,1468
K1HRY,1454
W1AMN,1453
W1EHT,1441
W1BTS,1435
KD1HN,1426
N1GXV,1407
W1CRC,1405
KC1OXZ,1390
W1PVC,1375
K1GMN,1361
K1VS,1351
KA1AMR,1344
WB1COG,1335
N1AWQ,1329
KB3CVC,1329
AA1DC,1328
W1YOR,1322
K1MNO,1314
KC1JVD,1273
KA1YUB,1261
N1FRE,1260
KC1UWU,1259
W1JPK,1255
K1WTT,1235
W1MWF,1230
K1CLA,1223
KB1QKV,1222
KB1UFC,1205
N1ZZO,1204
NT1M,1201
K1NXH,1199
K8BIT,1195
KB1EMT,1189
N1PBC,1189
KA1UFO,1188
AB1MQ,1185
KV1T,1180
K1DUT,1172
K1RON,1165
K1FWC,1164
W1FRV,1159
KB1CGP,1156
WA1YDG,1155
KA1PGS,1147
WB1CNM,1147
K1RAK,1139
K1REL/SK2024,1134
KC1PCD,1133
N1GXU,1129
WB1AAJ,1126
KB1PVW,1117
KE1ZX,1114
N1LUM,1109
AB1GJ,1094
WA1AKS,1085
KJ1KJ,1071
AE1EA,1070
K1GAS,1055
N1AIR,1047
W1III,1044
K1WPC,1038
W1AEM,1035
K1HLP,1021
N1RJ,1015
KA1RDT,1011
N1TFB,1008
NT1G,1006
K1NDS,994
AF1H,984
KC1EFG,980
KA1BTI,976
KB1UTL,963
KC1PXL,962
W1RKS,961
KB1YAC,959
K1BU,958
KC1MLU,947
N1NVL,940
AA1DD,938
W1BNS,922
KC1QBT,920
KB1ODU,919
KB1KFF,919
KS1Q,916
KC1UTV,915
N1ZZL,904
KB1SVY,904
K1DYO,904
KB1LQQ,903
N1JCT,900
W1ZEN,898
KB1KVJ,895
AB1NA,895
N1AAU,894
K1DKT,883
N1OGP,880
N1PAO,879
W1QKR,878
W1LPH,877
K1OTM,875
N1SON,869
N1STV,868
W1OSO,863
KV1X,861
K1OG,852
N1SJA,850
W1LJM,847
K1JMR,841
KA1GTS,839
N1NDO,839
WA1KUL/SK2025,831
N1MOY,825
AA1TK,813
AB2SN,812
NW1W,807
NS1N,805
N1WNT,803
N1LK,801
K1HDH,798
KB1BDQ,797
WA1DEE,793
W1LOU,789
KB1MOC,786
KB1RVV,782
N1IAQ,780
K1JKA,779
KC1YDD,779
KB1HIM,776
W1MBH,770
W1DGD,768
KD1LI,765
WA1ZLQ,764
K1SWT,762
KC1MRD,754
KB1OEP,744
KO1S,742
K1OQM,741
W1UM,740
KB1NAX,737
KA1UJP,734
K1HIR,733
N1MAT,732
KC1FZ,725
KA1VAX,722
KC4RYJ,718
AB1YN,717
WA1NYC,714
W3AAF,714
WB1ANL,709
KB1SAM,709
N1HEU,709
KB1RNN,702
KC1EFF,701
K1YAI,698
KA1PS/SK2026,697
NU1V,695
KB1EKN,688
WA1QCZ,682
N2FAC,681
N1BJP,680
KD1BJ,679
KB1UHV,679
WA2MHY,674
W1HCN,673
W1UKZ,672
N1ISR,671
N1LJU,667
KB1JFN,660
W9RO,660
N1FLT,659
N1LBV,654
W1GQN,651
KA1RTD,649
KC1ZW,647
KB1CWA,642
W1STX,641
KB1HJN,639
KC1MXS,637
KA1TXS,636
W1AUZ/SK2023,631
KD7RAP,629
KA1EAY,625
W1NXX,622
KC1WOT,618
K0OSZ,617
W1ARO,616
KA1JHG,614
N1HMF,605
N1BPG,605
KD1X,605
KB1UTA,604
K1FSK,602
K1GRB,601
KB1CVN,593
K1HZL,589
N1HFA,588
N1QPT,587
N1QMM,585
KB1UBW/SK2022,585
W1HYD,582
KA1YON,580
KC1RXO,579
N1LNH,578
K1RRF,577
N1JZJ,575
KA1DZA,575
KE1KR/SK2022,569
AA1VZ,566
KC4JVC,565
KB1VXL,564
N1KBQ,558
N1KBV,557
W1JDG,556
W1PGS,555
KA1FAM,555
K1SZG,555
KA1AQU,553
KZ1D,552
N1REV,551
KB1VKC,551
W1EML,548
KB1UBY,546
KB1RLI,546
N1COD,546
KB1RAA,545
W1CXX,545
KB1NMG,540
N1JKI,538
N1VOA,538
KB1ERV,537
KB1ZJO,535
KA1WBD,534
W1DLS,534
N1ARL,532
KB1RXQ,530
W1NMF,527
KA1KYT,527
N1NO,525
WC1EOC,525
N1RYJ,524
N1JBZ,524
N1WWI,524
AB1FB,524
K1LAD,521
K0JRO,519
KC1CFO,517
W1GAS,516
W1TNK/SK2025,516
N1JAM,513
KB1NBW,513
N1EJP,512
KB1KEN,512
K1CJI,512
K1FAB,509
KB1IKY,508
W1BIY,505
KA1IBM,502
N1ZAG,502
KA1WRF,502
KC1ATK,500
N1IDM,498
N3YIP,497
K1HOL,496
KA1VBN,496
KB1KNI,495
KC1TNH,493
N1VQZ,491
KB1YFQ,491
K1JZX,490
KW1H,486
WA1ETS,486
N1MAG,485
W1DUX,484
KA1FL,484
KC1WBU,484
N3LYF/SK2025,483
KB1DKO,483
N1VFN,480
K1AAR,480
KB1AKZ,479
N1POO,478
KB1KSE,478
KB1GVC,477
KC1NBO,477
N1MRC,474
KB1CHW,472
W1IFX,472
KB1USN,472
N1SUY,469
KB1TXD,468
W1TJM,468
KB1WVL,465
KC1II,464
N1XJE,463
KB1IIU,463
K1ZKX,462
KC1ZX,462
WA1KSF,461
WB1BQN,459
WT1Z,457
KB1SVA,457
KC1CUG,455
N1BK,454
KC1OLC,454
K7DYB,452
NN1J,452
WA1YZH,451
N1NVV,451
W1EIK,450
WA1YKE,448
KB1KVK,448
KB1LQW,448
W1EID,447
N1YAM,445
K1MLS,438
KB1OZO,436
K1KJL,435
N1BLK,432
W1RQS,432
K1PZR,432
KB1KVF,431
KC1DDO,431
WA1KFQ,430
KE1ER,427
N1KQR,423
N1KXB,422
KE1KQ,422
W1KIX,422
KA1RTC,420
KB1WFP,420
N1IPT,419
KB1OVF,417
N1CWW,416
KA1DH,415
K1BI,415
K1BFJ,413
NI1Z,413
KC1CFQ,412
K1WKO,412
KB1OEQ/SK2022,412
N1GNE,411
KC1TCX,409
WB1ANX,407
KB1PUN,406
KB1MRI,406
K1QKE,404
N1AMT,403
KB1JSD,403
W1ABN,402
W1EDP,402
N1TWP,401
K1KID,399
KG2CO,396
KA1HIS,395
KA1WVJ,395
WA1FVL,393
K1DGG,390
N1OYH,389
KA1ZZ,389
WF1Y,389
KC8CEV,388
KE3IG,388
KB1HJD,386
NV1H,385
N1UJO,385
W1FGI,383
KB1SBC,382
WB1FMA,380
N1YCE,380
W1FBT,379
KB1OZN,379
KD1UN,379
N1OXJ,379
N1FZP,378
KB1CSB,377
KC1ITF,377
KC1MUC,377
WY1S,376
WB2TEV,376
KA1IML,373
KB1TDZ,373
WB2BYO,373
KB1IGY,373
N1WEP,373
K1LC,372
KB1USG,372
N1IPO,372
KB1KMA,372
KB1IZI,372
KB1OIB,371
KB1GHA,370
WA1OOM,369
KA1FJN,369
KB1CYW,369
KB1HKD,368
KC1BYI,367
N1LXQ,367
N1YWW,365
N1MJN,364
N9DKC,363
N1MPA,363
WA1DDN,363
K4BFB,363
N1VEG,362
W1KXY,361
K1AWP,360
KB1SJR,360
KB1UYW,360
K1IIL,359
KC1QXW,358
KA2EPV,358
N1TWN,357
KD7HVU,357
W1SXU,357
KC1BY,356
WA1NXY,355
KJ1X,355
W1RCA,354
K1SPP,352
W1CIX,351
KB1BTS,350
KB1WKQ,350
N1FAA,350
N1UDW,350
W1IDG,350
KB1PND,349
KA1ILQ,348
KB1CYX,348
W1AZU,348
N1WNR,347
W1NWI,346
KB1TUB,346
N1KXI,344
KB1ODS,344
K1GRN,343
KB1JSE,343
N1JKK,342
KC1BSD,342
WB2DSO,341
N1DAL,341
N1NLW,340
KB1LFY,340
N1KKL,339
N1FMY,338
KG4RNR,338
W1DKD,338
N1BCA,338
W1TGM,335
KA1RTG,334
KB1FVR,334
KC1JYZ,332
N1REO,331
N1ZKU,331
WB1AIR,330
WA1VIM,330
N1IXW,329
W1BWP,328
K1PJT,327
W1EQK,327
WB2SIQ,326
N1BJC,326
KA1IDK,325
KE5AYZ,325
N1KFD,323
W1JXZ,322
KB1MHW,322
KB1SKA,322
KA1WME,322
N1OIQ,321
N1YAL,321
N1YOY,319
KM1USR,319
KC1KWC,318
WA1IMD,316
KD1IQ,315
N1CQO,315
W1SUR,314
WC1WH,313
KB1GOF,312
KB1UQM,312
KB1TBA,312
N1ULB,312
KA1SQD,311
KC1NJO,310
N1SGO,309
N1BRJ,308
KB1NMJ,307
KB1CZB,307
KB1VIY,306
K1UUQ,306
N1DTL,304
N1ECQ,303
KB1DAC,301
N1ILJ,301
N1JLR,300
N1OOE,300
WA1KPF,299
N1SYB,299
KD4ZIO,298
KB1DNA,295
KA1WVK,295
KB1FRT,294
KD6EYE,293
W4NWM,293
KA1WQQ,291
KC1BTN,290
N1MJK,290
N1PDO,290
N1SGT,289
KB1MIT,289
N1KZB,288
WA1JDE,286
K1AEN,285
KB1JNJ,284
KB1RUS,283
N1ZS,283
KB1TEF,283
WA1CRT,282
KB1GKH,282
N1YZK,282
KB1MTV,280
N1TCW,280
KD4CQE,279
W1IWK,278
NF1F,277
W1PKE,276
KB1JYQ,275
KB1OEU,275
N1ECR,273
N1WNS,273
KB1SGC,273
N3NBP,272
K1RFB,272
KB2AQH,272
KC1NBN,271
N1IRU,271
WA1FVF,271
N1VIW,271
K1VFB,271
N1NJE,270
WA1CQC,270
KA1LRB,269
N1DIL,268
KB1HQG,268
K1MTM,268
W1KXT,266
KB1VGN,264
KP4RGT,264
N1XJK,264
N1NJC,263
W1ERT,262
K1FGA,262
KC1TNI,262
KB1THH,262
KD7RAQ,261
KB1IOT,261
KB1KVH,261
K1JMH,261
KB1NPQ,259
N1NXA,259
WA1LJH,258
W1EQU,258
KB1ODT,258
N1RGM,255
KB1JGA,255
N1UHS,254
WA1GMH,253
W1QPS,253
N1CUV,251
KC1UJN,251
WA1YKT,250
WK1I,250
KB1OEN,250
KC1LKB,250
N1DCP,249
KB1OEL,249
KB1TRW,248
KA1MCQ,248
KB1PBT,247
KB1HGF,246
N1KUM,246
W1VPR,245
N1WAI,245
NJ0K,245
WA1IAE,244
N1SOJ,242
K1PEI,241
N1OQW,241
KB1TYH,241
KB1RXR,239
KB1JMI,239
N1AMP,239
WA1GMD,239
N2QZB,237
KC1JDN,236
KC1PXN,235
KB1OMU,234
WA1CIM,234
KB1SGH,234
KG7SBY,234
N1XFC,233
KB1JMJ,233
KA1PUT,233
KC1NPZ,230
KB1FUI,230
K1MCY,229
NC1K,229
WA1JAD,228
N1PZA,228
N1DKH,227
WA2RWZ,227
KB1QKW,226
W1MAL,226
W8KBN,226
KB1OEM,225
KB1JWH,224
KA2SJF,223
KB1MYP,222
KA1FHL,222
KB1OTS,222
N1BTM,221
KB1GCM,220
KA1DRG,220
N2VCB,219
KB1UDZ,219
N1SWY,219
KB1OPY,219
N3QGF,218
W1SHR,217
KB1MTY,217
N1ZYU,217
N1RVY,217
KA1WBG,217
N3TSE,216
N1TXJ,216
KC1LLY,216
N1XTP,215
KB1GYF,214
N1DFS,214
N1CYZ,213
N6LXD,212
KB1KSG,212
N1ZGU,212
WB1EYA,212
KB1SGB,212
KA1AVA,212
KB1SPB,212
N1XCM,212
KB1MTX,212
N1TWM,211
KB1GEY,210
N1ORA,210
KB1QFI,208
N1OOF,208
WA1POQ,206
N1TWR,206
KB1KRO,205
N1IFB,205
N1IRT,204
N1RNP,204
KB1MDL,204
KB1IKV,203
KB1DKP,203
W1CVB,203
K1SQL,202
KA1TBQ,202
N1AVN,202
N1JOR,202
KC2GDY,202
N1IHN,201
WA1HIH,200
W1EEJ,200
N1MSG,200
N1VDZ,199
KB1OAU,199
N1CIE,199
KB1LKO,199
KB1LJO,199
W1HHZ,198
WB1GZB,198
KB1QVA,198
W1GFB,197
KA1ALE,197
KB1MTZ,197
N1DNJ,197
KB1KYW,196
KC1MEX,196
K1MRG,196
N1OEC,196
KC1RUN,196
KB1OEK,195
KB1DDP,194
KB1GRD,193
N1BVV,193
KB1SFT,193
KB1IKG,193
KB1ODA,193
KB1KDH,192
KB1TDW,192
KB1VGF,191
KB1TXG,191
KA1IYF,190
KB1PUD,190
KB1KPR,189
N1OYL,189
KB1JJQ,188
KB1CKH,188
KC1VYL,188
AB1TK,187
W1DCF,186
W0LFX,185
KB1TED,185
KA1FAW,185
KB1IUS,184
W1FSZ,184
N2LAF,183
KB1SJL,182
KC1RAB,182
N1TLI,182
KD1PS,182
N1QZR,180
KB1WWY,179
W1JOY,178
KB1NDB,178
WA1BNF,177
KB1UKR,176
WB1GEM,175
KC1ECK,175
KB1IYQ,175
KB1GLC,174
KN1IRP,174
KB1OJC,173
KC1IKY,173
W1DDH,172
KC1OZD,171
KB1PTI,171
N1OYJ,171
W1CFH,171
K1AVS,171
KB1OAV,171
N1SGQ,171
W1AAI,170
KB1TDX,169
KB1TEB,169
KC1WIC,168
KB1TDY,168
N1GYA,168
N0LAG,168
KB1SGG,167
KB1JGM,167
WA1NZA,166
W1TMC,166
KB1RTI,165
N1SYD,165
KB1RSF,161
K1LMO,161
KB1EAH,161
N1LRD,161
WA1GDN,160
KB1UCC,158
KB1JUK,157
KB1REP,157
K1RTX,157
KC1AIE,157
KB1GVA,156
KC1YLY,156
KB1KVO,156
WA1ZDQ,156
KB1SRN,155
N1QXY,154
KC1MS,154
KC1NZV,153
KA3ZUZ,152
K1MEC,152
K1JEP,151
KB1OET,151
KA1OYZ,151
KB1QPP,150
KB1QPR,148
KB1SGD,147
KE1HN,146
KC1GYC,146
KB1HJQ,146
KB1ILB,143
KC1QGV,142
KB1SGE,141
WA1UEC,141
KA1ECD,141
WG1WG,140
KB1TEI,140
N1SZU,140
W1PDH,140
KA1SMC,139
KB1TEA,138
KC1DQS,136
KB1SRZ,135
WZ1KD,135
KB1TDV,135
KC1EFI,134
KB1NWO,134
KB1SGF,133
KC1NVH,132
W1SON,132
KB1IKW,132
W1NUB,132
KC1BEA,132
WB1DUT,132
KB1UQQ,131
W1SJM,131
KB1JUP,131
K1KEM,130
KC1EUX,129
KB1VBG,128
KB1UAZ,128
KB1UML,127
KB1VOX,126
KC1RAE/SK2025,125
KC1ALO,125
KB1TAR,124
N7KFN,123
KC1OHB,123
W2ZAT,122
KI6EHE,122
KI6EHF,121
KB1ZZR,120
KC1WQS,120
KA1OKT,119
WS1LWS,119
KB1WVK,119
KC1WJZ,119
WA1JFB,118
KC1UCT,118
KB1WNY,117
KC1YXL,117
KC1IET,116
KC1OFM,116
N1AVI,115
N1TFX,113
KC1TWC,113
KC1PXJ,113
KC1OZE,113
KC1OFN,112
KB1JGN,112
KC1JOW,112
KC1UQE,111
KC1KDH,111
N1PXW,111
KC1RWY,109
KC1ABA,109
K1BBM,108
KC1TAJ,108
WF3RRY,108
KB1WEC,107
N5OAI,107
KB1TNI,107
KB1YOA,106
KB1LJN,106
KD3EMT,105
KC1BBF,104
KG5WIZ,103
N1BIO,102
KB1WFN,102
KC1BBT,102
KC1BEN,102
KC1SML,102
K1TAE,101
KE0YSX,101
W1DPF,101
KB1TXH,100
KB1WSV,100
KC1MAA,100
WA1DSR,100
KC1JKW,99
KB1ZSY,99
N1VIK,99
KC1SMU,95
KC1QIG,94
KC1BYJ,94
KC1BHK,94
KC1MKB,93
KC1FWW,91
N1PPY,91
KC1JPA,90
W1CPN,90
KC1VJV,90
KC1MOE,89
KB1WGW,88
WB1DNP,88
KC1PXK,87
KB1YTK,87
AB1XR,86
KC1CCP,86
KC1COY,85
KC1RXD,85
KB1ACE,85
KC1FVL,85
W1LJH,85
KC1ELV,84
KB1WOZ,84
KB1ZBE,84
N1CHT,84
KB1VKO,84
KB1ZEF,84
K1EBT,83
KB1ZBC,83
KC1NZT,83
N1NVO,82
KC1NNW,80
KB1WXA,80
KC1NVF,79
KC1BYH,79
K1EAG,78
KB1VPU,78
KC1BQG,77
KC1QQX,77
KC1ORC,77
KB1ZTA,77
KB1VOS,77
KC1GEO,76
KB1ZBB,76
KC1CYM,76
KC1PRC,75
KB1WWZ,75
KC1SQM,75
KC1FMT,75
KB1VOR,75
KB1WWG,74
KC1CAA,74
W7BUK,74
W1BLR,74
KC1GID,73
KC1TMQ,73
KC1JCW,72
KC1LKD,72
KC1UFG,72
KB1ZBF,71
KC1ORD,71
KC1LUU,71
KB1WSX,70
KC1NPY,70
KB1HKH,69
KC1DLH,69
KC1QZJ,68
KB1WFQ,68
KC1BZZ,68
KC1BQL,68
KC1AJM,68
KD2HKG,67
KC1ERA,67
KC1ADW,67
KC1TNP,67
KC1BET,67
KC1JFD,66
KC1QIM,66
W1SCA,66
KC1ADX,66
KC1BSK,66
KC1KIU,66
KC1UDD,65
KC1BXQ,65
KC1MBF,64
KC1AIN,64
KC1GTQ,64
KC1RAA,64
KC1BEB,64
KC1HKD,62
KC1JLN,62
KC1YGK,62
KC1LNA,62
KC1EAW,61
KB1ZTC,61
KC1DDB,61
KC1KDM,60
KC3AWK,60
KC1BKS,60
KC1PBM,60
KC1EHK,59
KB1WHG,59
KM4NOO,59
KC1SVN,58
KC1EUF,58
KC1FML,58
KC1RSA,58
KC1JDK,57
KB1ZHK,57
KC1TND,57
KC1YKI,57
KC1LSF,57
KC1BES,57
KC1SHO,56
W1HRL,56
KC1ERI,56
KC1IWQ,56
KC1JDF,56
KC1VXZ,56
KC1CQL,55
KC1QGW,55
KC1KZH,55
KB1VKP,55
KD2OIN,55
KC1NXG,54
N1XUK,54
N1SGW,54
KC1CRZ,54
KC1JDC,54
KC1JSK,54
K1ZOK,52
KB1ZTB,52
KC1JSL,52
KC1NJW,52
KC1SAT,52
KC1TOK,51
KC1MMB,51
KC1HQD,51
KB1YEC,51
KC1THC,50
KC4MDM,50
KC1GGM,50
KB1YIV,50
KC1RAC,49
N2DEC,49
KA1WRX,49
KC1AUC,49
KC1LZC,48
KC1BEY,48
KC1SNS,47
KC1NXE,47
KC1OSO,47
KC1ORF,46
KC1ISV,46
KC1RWZ,46
KC1LUJ,46
N1HMH,46
KC1UNL,46
KC1BER,46
KC1GVS,46
KC1LQF,45
KC1LVF,45
KB1VLJ,45
KC1MLZ,45
KC1TPV,44
KC1RHQ,44
KC1SQD,44
KC1ISW,44
KC1IXS,44
KB1ZWX,43
KC1DHG,43
KC1TWL,43
KC1NXC,43
KC1EGM,43
KC1LBK,42
KC1FJN,42
KC1SDU,42
KB1ZCI,42
KC1BAP,42
KC1BYG,42
KC1LIM,42
KC1JZL,42
KB1ZSZ,42
KC1QJT,42
KC1LKE,41
KC1AZX,41
KC1VJU,40
KC1PPO,40
KC1RRY,40
KC1NZW,40
KC1ISU,40
KC1GUS,40
KC1QLB,39
KC1DZV,39
KC1OJU,39
KC1LMX,39
KC1LNB,38
KC1PRM,38
KC1JDH,38
KC1JDJ,38
KC1IJU,38
KC1IYN,38
KC1YJU,38
KC1PAR,38
N1KBD,37
KC1JDE,37
KC1FUO,37
KC1JDM,37
KC1VMF,37
KC1JDG,36
KC1FZI,36
KC1BYL,36
KC1TQS,36
KC1JAQ,36
KC1YSK,35
KC1JDL,35
KC1UQX,35
KB1WGV,35
KC1FVJ,34
KC1DTG,33
KC1UKJ,33
KC1FNJ,33
KC1KMY,33
WA1YZX,33
KC1YJW,32
KC1SPH,32
KC1UAE,32
KC1QBP,32
KC1WEE,32
KC1TYA,31
KC1JFF,31
KC1URZ,31
KB1ZRY,30
KC1IXR,30
KC1ESO,30
KC1FUW,30
KC1UNE,30
KC1EVM,29
KC1VPN,29
KC1BEX,29
KC1OTI,28
KC1SMM,28
KC1YIA,28
KM1EOC,28
KC1QLV,28
KC1UPK,27
KC1IXP,27
KC1RSE,27
KC1UEH,26
KC1UMO,26
KC1VQJ,25
K9FIG,25
KC1RJU,25
KC1EFH,25
KC1GIA,25
KC1JDI,24
KC1JDD,24
KC1WWL,23
K1ZNY,23
KC1YJV,23
KC1HVU,22
KC1PXW,22
KC1EUL,22
KC1NVL,21
KC1TPR,20
KC1KNF,20
KC1SAG,20
KC1HBS,20
KC1YLH,19
KC1ORE,19
KC1WIV,18
KC1OXW,18
KC1PZL,18
KC1GXD,18
KC1YJH,18
W1HIL,17
KC1WIN,16
KC1WIX,16
KC1VWT,15
KC1RQV,13
KC1WYS,13
KC1UFN,11
KC1YPB,10
KC1VGL,9
KC1YJG,7
KC1YZR,6
KC1YJT,4
